S No,C1,C2
1,Appeal,Appeal
2,Address,Address
3,Update,Update
4,Update,Generic
5,Generic,Generic
6,Update,Address
7,Address,Address
8,Congratulation,Gratitude
9,Congratulation,Congratulation
10,Greetings,Greetings
11,Greetings,Greetings
12,Greetings,Appeal
13,Update,Generic
14,Update,Update
15,Update,Update
16,Update,Generic
17,Greetings,Greetings
18,Address,Address
19,Congratulation,Congratulation
20,Endorsement,Endorsement
21,Address,Address
22,Address,Generic
23,Address,Update
24,Address,Address
25,Greetings,Greetings
26,Update,Update
27,Generic,Generic
28,Generic,Generic
29,Greetings,Greetings
30,Congratulation,Congratulation
31,Update,Update
32,Update,Address
33,Greetings,Greetings
34,Greetings,Greetings
35,Greetings,Greetings
36,Greetings,Greetings
37,Greetings,Greetings
38,Greetings,Greetings
39,Greetings,Greetings
40,Greetings,Greetings
41,Greetings,Greetings
42,Greetings,Greetings
43,Greetings,Greetings
44,Greetings,Greetings
45,Greetings,Greetings
46,Greetings,Greetings
47,Greetings,Greetings
48,Greetings,Greetings
49,Endorsement,Appeal
50,Appeal,Appeal
51,Update,Appeal
52,Tribute,Tribute
53,Tribute,Tribute
54,Tribute,Tribute
55,Congratulation,Update
56,Update,Generic
57,Update,Update
58,Congratulation,Congratulation
59,Endorsement,Appeal
60,Endorsement,Appeal
61,Endorsement,Endorsement
62,Tribute,Tribute
63,Update,Update
64,Update,Generic
65,Update,Generic
66,Update,Generic
67,Update,Update
68,Appeal,Appeal
69,Appeal,Appeal
70,Update,Update
71,Update,Update
72,Update,Update
73,Update,Gratitude
74,Update,Update
75,Endorsement,Generic
76,Achievement,Congratulation
77,Achievement,Achievement
78,Address,Generic
79,Address,Endorsement
80,Address,Address
81,Greetings,Greetings
82,Greetings,Greetings
83,Update,Update
84,Update,Generic
85,Update,Update
86,Address,Appeal
87,Address,Generic
88,Address,Update
89,Greetings,Tribute
90,Greetings,Tribute
91,Endorsement,Endorsement
92,Address,Update
93,Address,Generic
94,Address,Address
95,Congratulation,Congratulation
96,Tribute,Tribute
97,Tribute,Tribute
98,Appeal,Appeal
99,Tribute,Congratulation
100,Greetings,Greetings
101,Endorsement,Endorsement
102,Update,Tribute
103,Greetings,Greetings
104,Update,Generic
105,Generic,Generic
106,Generic,Generic
107,Appeal,Appeal
108,Generic,Generic
109,Generic,Generic
110,Generic,Generic
111,Generic,Generic
112,Generic,Generic
113,Generic,Generic
114,Congratulation,Congratulation
115,Update,Update
116,Update,Update
117,Update,Update
118,Update,Update
119,Update,Update
120,Greetings,Tribute
121,Tribute,Tribute
122,Update,Address
123,Update,Address
124,Update,Appeal
125,Update,Update
126,Update,Update
127,Address,Address
128,Tribute,Tribute
129,Greetings,Gratitude
130,Endorsement,Endorsement
131,Endorsement,Endorsement
132,Endorsement,Endorsement
133,Endorsement,Gratitude
134,Endorsement,Endorsement
135,Generic,Generic
136,Greetings,Generic
137,Gratitude,Generic
138,Update,Generic
139,Generic,Update
140,Generic,Update
141,Endorsement,Endorsement
142,Update,Update
143,Update,Address
144,Update,Update
145,Condolence,Condolence
146,Condolence,Tribute
147,Endorsement,Endorsement
148,Greetings,Greetings
149,Greetings,Greetings
150,Achievement,Generic
151,Update,Update
152,Update,Update
153,Address,Address
154,Update,Update
155,Update,Update
156,Generic,Generic
157,Congratulation,Congratulation
158,Appeal,Appeal
159,Greetings,Greetings
160,Endorsement,Greetings
161,Appeal,Appeal
162,Tribute,Tribute
163,Greetings,Greetings
164,Tribute,Tribute
165,Tribute,Tribute
166,Tribute,Tribute
167,Tribute,Tribute
168,Tribute,Tribute
169,Appeal,Appeal
170,Tribute,Update
171,Tribute,Tribute
172,Tribute,Tribute
173,Tribute,Tribute
174,Tribute,Tribute
175,Tribute,Tribute
176,Tribute,Tribute
177,Tribute,Tribute
178,Tribute,Tribute
179,Tribute,Tribute
180,Tribute,Tribute
181,Tribute,Tribute
182,Tribute,Tribute
183,Tribute,Tribute
184,Tribute,Tribute
185,Tribute,Tribute
186,Tribute,Tribute
187,Tribute,Tribute
188,Tribute,Tribute
189,Tribute,Tribute
190,Tribute,Tribute
191,Tribute,Tribute
192,Congratulation,Congratulation
193,Update,Update
194,Tribute,Tribute
195,Tribute,Tribute
196,Tribute,Tribute
197,Tribute,Tribute
198,Condolence,Condolence
199,Condolence,Condolence
200,Condolence,Condolence
201,Endorsement,Update
202,Endorsement,Update
203,Endorsement,Endorsement
204,Endorsement,Endorsement
205,Endorsement,Endorsement
206,Endorsement,Endorsement
207,Endorsement,Endorsement
208,Achievement,Achievement
209,Greetings,Greetings
210,Greetings,Greetings
211,Greetings,Greetings
212,Achievement,Achievement
213,Achievement,Achievement
214,Congratulation,Congratulation
215,Achievement,Achievement
216,Achievement,Achievement
217,Achievement,Achievement
218,Achievement,Achievement
219,Achievement,Achievement
220,Appeal,Generic
221,Appeal,Appeal
222,Appeal,Appeal
223,Update,Update
224,Update,Update
225,Update,Update
226,Update,Update
227,Generic,Generic
228,Generic,Generic
229,Generic,Generic
230,Generic,Generic
231,Generic,Generic
232,Generic,Generic
233,Generic,Generic
234,Generic,Generic
235,Generic,Update
236,Generic,Address
237,Condolence,Condolence
238,Condolence,Condolence
239,Tribute,Update
240,Tribute,Tribute
241,Update,Update
242,Update,Update
243,Endorsement,Endorsement
244,Generic,Update
245,Congratulation,Congratulation
246,Congratulation,Greetings
247,Greetings,Greetings
248,Tribute,Tribute
249,Generic,Greetings
250,Update,Update
251,Greetings,Greetings
252,Greetings,Greetings
253,Greetings,Greetings
254,Greetings,Greetings
255,Greetings,Greetings
256,Greetings,Greetings
257,Greetings,Greetings
258,Greetings,Greetings
259,Greetings,Greetings
260,Greetings,Greetings
261,Tribute,Tribute
262,Tribute,Tribute
263,Tribute,Tribute
264,Tribute,Tribute
265,Tribute,Tribute
266,Tribute,Update
267,Tribute,Tribute
268,Tribute,Tribute
269,Tribute,Tribute
270,Appeal,Tribute
271,Appeal,Appeal
272,Tribute,Endorsement
273,Tribute,Tribute
274,Tribute,Tribute
275,Congratulation,Congratulation
276,Congratulation,Congratulation
277,Update,Endorsement
278,Address,Address
279,Update,Update
280,Update,Update
281,Update,Update
282,Update,Update
283,Update,Update
284,Update,Update
285,Update,Update
286,Update,Update
287,Update,Generic
288,Update,Update
289,Update,Generic
290,Update,Address
291,Update,Update
292,Update,Update
293,Update,Update
294,Update,Update
295,Update,Update
296,Update,Update
297,Address,Address
298,Update,Update
299,Update,Update
300,Congratulation,Congratulation
301,Endorsement,Endorsement
302,Endorsement,Endorsement
303,Endorsement,Endorsement
304,Endorsement,Endorsement
305,Endorsement,Endorsement
306,Tribute,Tribute
307,Appeal,Appeal
308,Generic,Generic
309,Generic,Generic
310,Generic,Generic
311,Update,Update
312,Update,Update
313,Update,Update
314,Address,Address
315,Tribute,Tribute
316,Generic,Tribute
317,Update,Update
318,Update,Update
319,Condolence,Condolence
320,Address,Address
321,Generic,Generic
322,Update,Update
323,Tribute,Tribute
324,Update,Generic
325,Update,Update
326,Endorsement,Generic
327,Appeal,Appeal
328,Update,Update
329,Update,Update
330,Generic,Update
331,Generic,Generic
332,Generic,Generic
333,Generic,Generic
334,Greetings,Greetings
335,Greetings,Greetings
336,Endorsement,Congratulation
337,Endorsement,Congratulation
338,Endorsement,Endorsement
339,Endorsement,Endorsement
340,Endorsement,Endorsement
341,Endorsement,Endorsement
342,Condolence,Condolence
343,Greetings,Greetings
344,Greetings,Greetings
345,Generic,Generic
346,Generic,Appeal
347,Achievement,Appeal
348,Update,Update
349,Address,Address
350,Update,Update
351,Address,Address
352,Generic,Generic
353,Generic,Generic
354,Generic,Generic
355,Generic,Generic
356,Generic,Generic
357,Generic,Generic
358,Address,Address
359,Congratulation,Congratulation
360,Congratulation,Congratulation
361,Update,Update
362,Condolence,Generic
363,Condolence,Condolence
364,Endorsement,Update
365,Endorsement,Endorsement
366,Endorsement,Endorsement
367,Endorsement,Endorsement
368,Endorsement,Endorsement
369,Endorsement,Endorsement
370,Endorsement,Endorsement
371,Endorsement,Endorsement
372,Endorsement,Update
373,Greetings,Update
374,Update,Update
375,Greetings,Greetings
376,Greetings,Greetings
377,Greetings,Greetings
378,Generic,Address
379,Generic,Generic
380,Condolence,Condolence
381,Condolence,Condolence
382,Endorsement,Update
383,Condolence,Condolence
384,Update,Update
385,Address,Address
386,Update,Generic
387,Update,Update
388,Endorsement,Endorsement
389,Congratulation,Congratulation
390,Congratulation,Congratulation
391,Update,Update
392,Greetings,Greetings
393,Tribute,Tribute
394,Endorsement,Congratulation
395,Endorsement,Endorsement
396,Endorsement,Congratulation
397,Endorsement,Endorsement
398,Endorsement,Endorsement
399,Endorsement,Endorsement
400,Endorsement,Endorsement
401,Endorsement,Endorsement
402,Endorsement,Endorsement
403,Endorsement,Endorsement
404,Endorsement,Endorsement
405,Endorsement,Endorsement
406,Update,Update
407,Generic,Generic
408,Address,Address
409,Generic,Endorsement
410,Address,Address
411,Endorsement,Endorsement
412,Endorsement,Endorsement
413,Endorsement,Endorsement
414,Endorsement,Endorsement
415,Endorsement,Endorsement
416,Tribute,Tribute
417,Gratitude,Gratitude
418,Address,Address
419,Endorsement,Update
420,Update,Update
421,Greetings,Greetings
422,Tribute,Tribute
423,Appeal,Appeal
424,Tribute,Tribute
425,Greetings,Greetings
426,Greetings,Greetings
427,Tribute,Generic
428,Tribute,Generic
429,Generic,Generic
430,Generic,Generic
431,Generic,Update
432,Update,Update
433,Condolence,Condolence
434,Achievement,Gratitude
435,Congratulation,Congratulation
436,Congratulation,Congratulation
437,Congratulation,Congratulation
438,Endorsement,Endorsement
439,Greetings,Greetings
440,Tribute,Tribute
441,Tribute,Tribute
442,Endorsement,Condolence
443,Congratulation,Congratulation
444,Congratulation,Congratulation
445,Update,Update
446,Achievement,Congratulation
447,Greetings,Greetings
448,Greetings,Greetings
449,Appeal,Appeal
450,Update,Update
451,Greetings,Greetings
452,Update,Update
453,Update,Update
454,Greetings,Greetings
455,Endorsement,Congratulation
456,Endorsement,Endorsement
457,Condolence,Condolence
458,Greetings,Greetings
459,Congratulation,Congratulation
460,Update,Update
461,Congratulation,Congratulation
462,Update,Update
463,Update,Update
464,Update,Generic
465,Greetings,Greetings
466,Condolence,Update
467,Condolence,Condolence
468,Appeal,Appeal
469,Update,Update
470,Update,Update
471,Condolence,Condolence
472,Condolence,Update
473,Condolence,Generic
474,Condolence,Condolence
475,Update,Generic
476,Update,Update
477,Gratitude,Gratitude
478,Tribute,Update
479,Tribute,Tribute
480,Condolence,Condolence
481,Update,Update
482,Update,Update
483,Address,Generic
484,Address,Address
485,Endorsement,Congratulation
486,Endorsement,Endorsement
487,Endorsement,Endorsement
488,Update,Gratitude
489,Gratitude,Gratitude
490,Gratitude,Gratitude
491,Gratitude,Gratitude
492,Gratitude,Gratitude
493,Gratitude,Gratitude
494,Gratitude,Gratitude
495,Gratitude,Gratitude
496,Gratitude,Gratitude
497,Gratitude,Gratitude
498,Gratitude,Gratitude
499,Gratitude,Gratitude
500,Gratitude,Gratitude
501,Gratitude,Gratitude
502,Gratitude,Gratitude
503,Gratitude,Gratitude
504,Gratitude,Gratitude
505,Gratitude,Gratitude
506,Gratitude,Gratitude
507,Gratitude,Gratitude
508,Gratitude,Gratitude
509,Gratitude,Gratitude
510,Gratitude,Gratitude
511,Gratitude,Update
512,Gratitude,Gratitude
513,Gratitude,Gratitude
514,Gratitude,Gratitude
515,Gratitude,Gratitude
516,Generic,Generic
517,Generic,Generic
518,Tribute,Generic
519,Generic,Generic
520,Gratitude,Gratitude
521,Generic,Gratitude
522,Generic,Update
523,Generic,Update
524,Generic,Generic
525,Update,Generic
526,Update,Update
527,Update,Update
528,Update,Update
529,Greetings,Appeal
530,Greetings,Greetings
531,Update,Update
532,Greetings,Greetings
533,Update,Update
534,Generic,Generic
535,Generic,Generic
536,Update,Generic
537,Update,Update
538,Update,Political Confrontations
539,Achievement,Generic
540,Congratulation,Congratulation
541,Congratulation,Congratulation
542,Update,Update
543,Update,Generic
544,Congratulation,Congratulation
545,Appeal,Address
546,Update,Update
547,Appeal,Appeal
548,Appeal,Appeal
549,Condolence,Condolence
550,Condolence,Condolence
551,Endorsement,Address
552,Generic,Generic
553,Generic,Generic
554,Update,Achievement
555,Generic,Generic
556,Generic,Address
557,Tribute,Generic
558,Greetings,Greetings
559,Generic,Appeal
560,Generic,Update
561,Generic,Generic
562,Address,Generic
563,Appeal,Generic
564,Gratitude,Gratitude
565,Political Confrontations,Political Confrontations
566,Update,Update
567,Update,Update
568,Gratitude,Gratitude
569,Update,Update
570,Gratitude,Tribute
571,Generic,Tribute
572,Generic,Tribute
573,Appeal,Appeal
574,Update,Update
575,Generic,Generic
576,Update,Generic
577,Political Confrontations,Political Confrontations
578,Gratitude,Gratitude
579,Address,Address
580,Address,Address
581,Address,Generic
582,Political Confrontations,Political Confrontations
583,Political Confrontations,Political Confrontations
584,Political Confrontations,Political Confrontations
585,Political Confrontations,Political Confrontations
586,Address,Address
587,Endorsement,Update
588,Achievement,Achievement
589,Achievement,Achievement
590,Address,Address
591,Update,Achievement
592,Update,Generic
593,Update,Generic
594,Tribute,Tribute
595,Generic,Update
596,Tribute,Tribute
597,Gratitude,Gratitude
598,Update,Update
599,Update,Update
600,Generic,Address
601,Update,Update
602,Greetings,Update
603,Appeal,Appeal
604,Generic,Generic
605,Update,Update
606,Update,Generic
607,Political Confrontations,Political Confrontations
608,Political Confrontations,Political Confrontations
609,Address,Address
610,Appeal,Appeal
611,Appeal,Appeal
612,Update,Political Confrontations
613,Generic,Political Confrontations
614,Update,Achievement
615,Achievement,Achievement
616,Achievement,Achievement
617,Political Confrontations,Achievement
618,Political Confrontations,Political Confrontations
619,Gratitude,Gratitude
620,Address,Update
621,Address,Update
622,Political Confrontations,Generic
623,Political Confrontations,Generic
624,Political Confrontations,Generic
625,Political Confrontations,Generic
626,Endorsement,Update
627,Greetings,Greetings
628,Endorsement,Update
629,Political Confrontations,Generic
630,Political Confrontations,Political Confrontations
631,Political Confrontations,Political Confrontations
632,Update,Generic
633,Gratitude,Gratitude
634,Update,Political Confrontations
635,Address,Update
636,Appeal,Update
637,Political Confrontations,Generic
638,Political Confrontations,Generic
639,Political Confrontations,Update
640,Address,Condolence
641,Update,Update
642,Greetings,Generic
643,Address,Update
644,Appeal,Appeal
645,Update,Update
646,Political Confrontations,Generic
647,Political Confrontations,Generic
648,Generic,Generic
649,Political Confrontations,Political Confrontations
650,Political Confrontations,Appeal
651,Political Confrontations,Political Confrontations
652,Political Confrontations,Political Confrontations
653,Update,Update
654,Political Confrontations,Generic
655,Update,Generic
656,Generic,Generic
657,Update,Update
658,Gratitude,Update
659,Update,Address
660,Generic,Address
661,Address,Generic
662,Address,Address
663,Political Confrontations,Political Confrontations
664,Political Confrontations,Appeal
665,Appeal,Appeal
666,Update,Update
667,Generic,Address
668,Generic,Address
669,Generic,Generic
670,Generic,Generic
671,Greetings,Greetings
672,Generic,Address
673,Generic,Update
674,Generic,Update
675,Update,Update
676,Update,Update
677,Gratitude,Update
678,Endorsement,Update
679,Update,Update
680,Political Confrontations,Generic
681,Political Confrontations,Political Confrontations
682,Political Confrontations,Political Confrontations
683,Political Confrontations,Political Confrontations
684,Address,Address
685,Address,Address
686,Update,Update
687,Greetings,Greetings
688,Political Confrontations,Generic
689,Political Confrontations,Generic
690,Political Confrontations,Political Confrontations
691,Achievement,Update
692,Update,Address
693,Greetings,Greetings
694,Political Confrontations,Update
695,Update,Update
696,Political Confrontations,Generic
697,Political Confrontations,Generic
698,Achievement,Update
699,Update,Update
700,Update,Update
701,Generic,Update
702,Appeal,Update
703,Appeal,Update
704,Gratitude,Gratitude
705,Tribute,Tribute
706,Greetings,Tribute
707,Greetings,Generic
708,Generic,Generic
709,Generic,Generic
710,Greetings,Greetings
711,Update,Update
712,Congratulation,Congratulation
713,Political Confrontations,Generic
714,Generic,Generic
715,Update,Update
716,Update,Update
717,Update,Generic
718,Update,Generic
719,Address,Appeal
720,Update,Update
721,Gratitude,Update
722,Political Confrontations,Generic
723,Political Confrontations,Political Confrontations
724,Appeal,Appeal
725,Update,Update
726,Appeal,Update
727,Generic,Generic
728,Congratulation,Congratulation
729,Generic,Update
730,Update,Update
731,Update,Update
732,Appeal,Appeal
733,Appeal,Appeal
734,Update,Update
735,Update,Generic
736,Generic,Generic
737,Political Confrontations,Generic
738,Generic,Update
739,Generic,Update
740,Gratitude,Gratitude
741,Address,Address
742,Update,Update
743,Update,Update
744,Update,Update
745,Update,Update
746,Update,Update
747,Update,Update
748,Update,Update
749,Condolence,Condolence
750,Condolence,Condolence
751,Generic,Condolence
752,Generic,Update
753,Generic,Update
754,Generic,Update
755,Political Confrontations,Generic
756,Political Confrontations,Generic
757,Update,Update
758,Political Confrontations,Generic
759,Political Confrontations,Political Confrontations
760,Political Confrontations,Political Confrontations
761,Political Confrontations,Political Confrontations
762,Political Confrontations,Political Confrontations
763,Political Confrontations,Generic
764,Political Confrontations,Political Confrontations
765,Generic,Generic
766,Political Confrontations,Generic
767,Political Confrontations,Generic
768,Political Confrontations,Generic
769,Political Confrontations,Generic
770,Political Confrontations,Political Confrontations
771,Political Confrontations,Political Confrontations
772,Address,Address
773,Generic,Address
774,Political Confrontations,Generic
775,Political Confrontations,Generic
776,Political Confrontations,Political Confrontations
777,Political Confrontations,Generic
778,Update,Update
779,Generic,Generic
780,Political Confrontations,Political Confrontations
781,Update,Update
782,Condolence,Condolence
783,Address,Address
784,Endorsement,Generic
785,Generic,Update
786,Update,Update
787,Gratitude,Update
788,Generic,Generic
789,Update,Generic
790,Political Confrontations,Gratitude
791,Political Confrontations,Generic
792,Address,Address
793,Generic,Update
794,Address,Generic
795,Address,Generic
796,Address,Political Confrontations
797,Address,Update
798,Update,Update
799,Update,Update
800,Update,Update
801,Update,Update
802,Update,Update
803,Generic,Update
804,Update,Update
805,Address,Update
806,Update,Generic
807,Greetings,Greetings
808,Political Confrontations,Update
809,Endorsement,Update
810,Endorsement,Update
811,Endorsement,Appeal
812,Update,Update
813,Political Confrontations,Generic
814,Update,Generic
815,Update,Generic
816,Political Confrontations,Generic
817,Address,Address
818,Address,Address
819,Political Confrontations,Political Confrontations
820,Address,Address
821,Political Confrontations,Generic
822,Political Confrontations,Achievement
823,Political Confrontations,Generic
824,Political Confrontations,Generic
825,Update,Appeal
826,Update,Update
827,Gratitude,Gratitude
828,Gratitude,Update
829,Generic,Generic
830,Gratitude,Gratitude
831,Generic,Update
832,Gratitude,Gratitude
833,Gratitude,Gratitude
834,Update,Update
835,Appeal,Appeal
836,Appeal,Appeal
837,Update,Generic
838,Update,Generic
839,Update,Address
840,Address,Address
841,Generic,Appeal
842,Update,Appeal
843,Update,Generic
844,Political Confrontations,Political Confrontations
845,Update,Generic
846,Condolence,Condolence
847,Update,Update
848,Political Confrontations,Update
849,Update,Address
850,Generic,Update
851,Generic,Update
852,Update,Update
853,Appeal,Address
854,Generic,Update
855,Address,Address
856,Update,Appeal
857,Political Confrontations,Generic
858,Political Confrontations,Generic
859,Political Confrontations,Generic
860,Political Confrontations,Generic
861,Update,Update
862,Address,Address
863,Generic,Address
864,Update,Update
865,Appeal,Appeal
866,Update,Update
867,Endorsement,Address
868,Endorsement,Address
869,Update,Address
870,Appeal,Appeal
871,Generic,Generic
872,Generic,Generic
873,Greetings,Greetings
874,Political Confrontations,Political Confrontations
875,Appeal,Appeal
876,Update,Appeal
877,Political Confrontations,Political Confrontations
878,Update,Generic
879,Update,Update
880,Update,Update
881,Update,Update
882,Appeal,Appeal
883,Address,Generic
884,Address,Address
885,Update,Generic
886,Political Confrontations,Update
887,Political Confrontations,Political Confrontations
888,Address,Address
889,Political Confrontations,Generic
890,Update,Appeal
891,Political Confrontations,Generic
892,Political Confrontations,Political Confrontations
893,Political Confrontations,Generic
894,Address,Address
895,Generic,Generic
896,Congratulation,Congratulation
897,Political Confrontations,Political Confrontations
898,Appeal,Update
899,Generic,Update
900,Generic,Update
901,Appeal,Generic
902,Update,Update
903,Update,Update
904,Update,Update
905,Update,Update
906,Address,Address
907,Greetings,Greetings
908,Update,Generic
909,Political Confrontations,Political Confrontations
910,Political Confrontations,Generic
911,Update,Update
912,Update,Generic
913,Political Confrontations,Political Confrontations
914,Political Confrontations,Political Confrontations
915,Generic,Update
916,Generic,Address
917,Generic,Generic
918,Congratulation,Congratulation
919,Endorsement,Generic
920,Political Confrontations,Political Confrontations
921,Political Confrontations,Political Confrontations
922,Address,Address
923,Generic,Address
924,Appeal,Generic
925,Political Confrontations,Political Confrontations
926,Political Confrontations,Generic
927,Congratulation,Congratulation
928,Generic,Generic
929,Address,Address
930,Update,Update
931,Address,Address
932,Update,Generic
933,Political Confrontations,Political Confrontations
934,Update,Generic
935,Political Confrontations,Political Confrontations
936,Update,Update
937,Appeal,Appeal
938,Generic,Address
939,Generic,Address
940,Update,Update
941,Update,Update
942,Update,Generic
943,Update,Generic
944,Update,Generic
945,Political Confrontations,Appeal
946,Update,Generic
947,Update,Update
948,Update,Update
949,Update,Generic
950,Endorsement,Update
951,Generic,Update
952,Congratulation,Congratulation
953,Gratitude,Gratitude
954,Generic,Address
955,Update,Generic
956,Political Confrontations,Political Confrontations
957,Political Confrontations,Generic
958,Update,Update
959,Address,Address
960,Update,Generic
961,Update,Generic
962,Achievement,Political Confrontations
963,Political Confrontations,Political Confrontations
964,Political Confrontations,Political Confrontations
965,Address,Update
966,Greetings,Greetings
967,Appeal,Generic
968,Update,Generic
969,Generic,Generic
970,Political Confrontations,Political Confrontations
971,Political Confrontations,Political Confrontations
972,Generic,Update
973,Address,Address
974,Political Confrontations,Political Confrontations
975,Political Confrontations,Political Confrontations
976,Political Confrontations,Political Confrontations
977,Update,Generic
978,Address,Address
979,Update,Address
980,Tribute,Tribute
981,Address,Address
982,Greetings,Greetings
983,Greetings,Greetings
984,Appeal,Appeal
985,Tribute,Tribute
986,Tribute,Tribute
987,Update,Generic
988,Update,Generic
989,Political Confrontations,Political Confrontations
990,Update,Update
991,Update,Update
992,Update,Update
993,Update,Update
994,Generic,Generic
995,Achievement,Achievement
996,Achievement,Congratulation
997,Greetings,Greetings
998,Update,Update
999,Update,Generic
1000,Update,Update
1001,Generic,Update
1002,Address,Address
1003,Update,Update
1004,Update,Update
1005,Achievement,Achievement
1006,Greetings,Greetings
1007,Tribute,Tribute
1008,Congratulation,Congratulation
1009,Congratulation,Congratulation
1010,Achievement,Generic
1011,Gratitude,Update
1012,Update,Update
1013,Update,Generic
1014,Update,Generic
1015,Endorsement,Endorsement
1016,Generic,Achievement
1017,Endorsement,Endorsement
1018,Endorsement,Endorsement
1019,Endorsement,Endorsement
1020,Generic,Generic
1021,Endorsement,Endorsement
1022,Endorsement,Endorsement
1023,Update,Update
1024,Endorsement,Endorsement
1025,Endorsement,Endorsement
1026,Update,Update
1027,Update,Update
1028,Update,Update
1029,Generic,Generic
1030,Update,Update
1031,Address,Address
1032,Address,Address
1033,Address,Address
1034,Update,Update
1035,Address,Address
1036,Endorsement,Endorsement
1037,Generic,Generic
1038,Address,Address
1039,Update,Appeal
1040,Generic,Address
1041,Endorsement,Endorsement
1042,Appeal,Appeal
1043,Generic,Generic
1044,Update,Update
1045,Update,Update
1046,Update,Update
1047,Generic,Generic
1048,Generic,Generic
1049,Address,Address
1050,Update,Update
1051,Generic,Generic
1052,Update,Update
1053,Update,Update
1054,Generic,Generic
1055,Update,Update
1056,Condolence,Condolence
1057,Generic,Generic
1058,Endorsement,Endorsement
1059,Endorsement,Endorsement
1060,Generic,Generic
1061,Greetings,Greetings
1062,Generic,Generic
1063,Generic,Update
1064,Generic,Generic
1065,Generic,Generic
1066,Update,Update
1067,Generic,Generic
1068,Update,Update
1069,Gratitude,Gratitude
1070,Update,Achievement
1071,Update,Update
1072,Generic,Generic
1073,Generic,Update
1074,Generic,Generic
1075,Address,Address
1076,Gratitude,Achievement
1077,Greetings,Greetings
1078,Greetings,Greetings
1079,Generic,Generic
1080,Achievement,Achievement
1081,Generic,Generic
1082,Generic,Generic
1083,Generic,Generic
1084,Update,Update
1085,Generic,Generic
1086,Address,Address
1087,Generic,Generic
1088,Generic,Generic
1089,Endorsement,Endorsement
1090,Update,Update
1091,Update,Update
1092,Greetings,Greetings
1093,Generic,Generic
1094,Generic,Generic
1095,Congratulation,Congratulation
1096,Update,Update
1097,Update,Update
1098,Update,Update
1099,Generic,Generic
1100,Generic,Generic
1101,Address,Address
1102,Update,Update
1103,Political Confrontations,Political Confrontations
1104,Political Confrontations,Political Confrontations
1105,Generic,Generic
1106,Tribute,Tribute
1107,Generic,Generic
1108,Political Confrontations,Political Confrontations
1109,Address,Address
1110,Address,Address
1111,Update,Generic
1112,Update,Generic
1113,Political Confrontations,Political Confrontations
1114,Condolence,Condolence
1115,Political Confrontations,Political Confrontations
1116,Political Confrontations,Political Confrontations
1117,Update,Address
1118,Generic,Generic
1119,Address,Address
1120,Achievement,Achievement
1121,Political Confrontations,Political Confrontations
1122,Political Confrontations,Political Confrontations
1123,Address,Address
1124,Political Confrontations,Political Confrontations
1125,Political Confrontations,Political Confrontations
1126,Political Confrontations,Generic
1127,Update,Update
1128,Tribute,Tribute
1129,Political Confrontations,Political Confrontations
1130,Update,Gratitude
1131,Address,Update
1132,Tribute,Condolence
1133,Generic,Generic
1134,Address,Political Confrontations
1135,Political Confrontations,Political Confrontations
1136,Political Confrontations,Political Confrontations
1137,Address,Address
1138,Appeal,Appeal
1139,Political Confrontations,Political Confrontations
1140,Political Confrontations,Political Confrontations
1141,Address,Address
1142,Update,Address
1143,Generic,Generic
1144,Generic,Generic
1145,Address,Generic
1146,Political Confrontations,Political Confrontations
1147,Political Confrontations,Political Confrontations
1148,Address,Address
1149,Update,Address
1150,Political Confrontations,Political Confrontations
1151,Condolence,Condolence
1152,Political Confrontations,Political Confrontations
1153,Address,Address
1154,Political Confrontations,Political Confrontations
1155,Political Confrontations,Political Confrontations
1156,Update,Address
1157,Generic,Generic
1158,Political Confrontations,Political Confrontations
1159,Address,Generic
1160,Address,Generic
1161,Address,Generic
1162,Political Confrontations,Political Confrontations
1163,Political Confrontations,Political Confrontations
1164,Address,Address
1165,Political Confrontations,Political Confrontations
1166,Update,Update
1167,Address,Address
1168,Address,Address
1169,Political Confrontations,Political Confrontations
1170,Political Confrontations,Political Confrontations
1171,Address,Address
1172,Update,Achievement
1173,Address,Address
1174,Generic,Generic
1175,Address,Address
1176,Update,Generic
1177,Update,Generic
1178,Address,Address
1179,Update,Update
1180,Endorsement,Generic
1181,Tribute,Tribute
1182,Generic,Generic
1183,Address,Address
1184,Update,Address
1185,Generic,Generic
1186,Generic,Generic
1187,Update,Update
1188,Generic,Generic
1189,Political Confrontations,Political Confrontations
1190,Update,Update
1191,Update,Update
1192,Update,Address
1193,Update,Address
1194,Generic,Generic
1195,Update,Update
1196,Condolence,Condolence
1197,Update,Update
1198,Generic,Generic
1199,Update,Update
1200,Generic,Generic
1201,Generic,Generic
1202,Greetings,Greetings
1203,Generic,Generic
1204,Generic,Endorsement
1205,Generic,Generic
1206,Appeal,Appeal
1207,Generic,Generic
1208,Congratulation,Congratulation
1209,Address,Address
1210,Greetings,Greetings
1211,Generic,Generic
1212,Generic,Generic
1213,Condolence,Condolence
1214,Update,Update
1215,Generic,Generic
1216,Generic,Generic
1217,Achievement,Achievement
1218,Condolence,Condolence
1219,Update,Update
1220,Generic,Generic
1221,Generic,Generic
1222,Update,Update
1223,Greetings,Greetings
1224,Generic,Generic
1225,Greetings,Greetings
1226,Generic,Generic
1227,Greetings,Greetings
1228,Generic,Generic
1229,Update,Tribute
1230,Condolence,Condolence
1231,Generic,Generic
1232,Achievement,Achievement
1233,Update,Update
1234,Generic,Generic
1235,Update,Update
1236,Generic,Generic
1237,Generic,Generic
1238,Political Confrontations,Generic
1239,Update,Greetings
1240,Tribute,Tribute
1241,Update,Greetings
1242,Generic,Generic
1243,Address,Address
1244,Generic,Political Confrontations
1245,Congratulation,Congratulation
1246,Address,Address
1247,Generic,Generic
1248,Update,Generic
1249,Generic,Generic
1250,Greetings,Greetings
1251,Generic,Generic
1252,Generic,Generic
1253,Condolence,Condolence
1254,Generic,Condolence
1255,Generic,Generic
1256,Gratitude,Gratitude
1257,Greetings,Greetings
1258,Generic,Generic
1259,Update,Generic
1260,Generic,Generic
1261,Condolence,Condolence
1262,Update,Update
1263,Achievement,Achievement
1264,Update,Generic
1265,Generic,Generic
1266,Generic,Generic
1267,Update,Update
1268,Greetings,Greetings
1269,Political Confrontations,Political Confrontations
1270,Generic,Generic
1271,Address,Address
1272,Gratitude,Gratitude
1273,Generic,Generic
1274,Political Confrontations,Political Confrontations
1275,Congratulation,Congratulation
1276,Generic,Generic
1277,Generic,Generic
1278,Update,Update
1279,Update,Update
1280,Gratitude,Gratitude
1281,Update,Generic
1282,Update,Generic
1283,Generic,Generic
1284,Generic,Generic
1285,Update,Update
1286,Generic,Generic
1287,Update,Address
1288,Tribute,Tribute
1289,Political Confrontations,Generic
1290,Generic,Generic
1291,Generic,Generic
1292,Update,Generic
1293,Generic,Generic
1294,Update,Update
1295,Political Confrontations,Political Confrontations
1296,Tribute,Tribute
1297,Congratulation,Congratulation
1298,Political Confrontations,Political Confrontations
1299,Generic,Generic
1300,Update,Update
1301,Generic,Generic
1302,Update,Political Confrontations
1303,Update,Political Confrontations
1304,Generic,Generic
1305,Update,Update
1306,Update,Update
1307,Update,Update
1308,Generic,Generic
1309,Condolence,Condolence
1310,Generic,Generic
1311,Generic,Generic
1312,Update,Update
1313,Generic,Generic
1314,Generic,Generic
1315,Update,Update
1316,Update,Update
1317,Tribute,Tribute
1318,Generic,Generic
1319,Political Confrontations,Political Confrontations
1320,Political Confrontations,Political Confrontations
1321,Generic,Generic
1322,Generic,Generic
1323,Political Confrontations,Political Confrontations
1324,Update,Update
1325,Address,Address
1326,Generic,Generic
1327,Greetings,Greetings
1328,Generic,Generic
1329,Update,Update
1330,Gratitude,Gratitude
1331,Generic,Generic
1332,Update,Update
1333,Generic,Generic
1334,Update,Update
1335,Gratitude,Gratitude
1336,Gratitude,Gratitude
1337,Update,Update
1338,Gratitude,Gratitude
1339,Update,Update
1340,Update,Update
1341,Update,Update
1342,Address,Address
1343,Achievement,Generic
1344,Update,Update
1345,Update,Update
1346,Generic,Generic
1347,Update,Update
1348,Update,Update
1349,Political Confrontations,Political Confrontations
1350,Update,Update
1351,Update,Address
1352,Generic,Generic
1353,Condolence,Condolence
1354,Political Confrontations,Political Confrontations
1355,Political Confrontations,Political Confrontations
1356,Update,Update
1357,Generic,Generic
1358,Political Confrontations,Political Confrontations
1359,Update,Update
1360,Generic,Generic
1361,Generic,Generic
1362,Update,Generic
1363,Update,Update
1364,Generic,Generic
1365,Political Confrontations,Generic
1366,Update,Update
1367,Update,Update
1368,Generic,Generic
1369,Address,Address
1370,Update,Update
1371,Generic,Generic
1372,Appeal,Appeal
1373,Political Confrontations,Political Confrontations
1374,Update,Update
1375,Update,Update
1376,Update,Update
1377,Generic,Generic
1378,Address,Address
1379,Update,Appeal
1380,Update,Update
1381,Update,Update
1382,Update,Update
1383,Generic,Generic
1384,Update,Update
1385,Update,Update
1386,Update,Update
1387,Update,Update
1388,Greetings,Greetings
1389,Generic,Generic
1390,Update,Update
1391,Congratulation,Congratulation
1392,Generic,Generic
1393,Generic,Generic
1394,Appeal,Appeal
1395,Update,Update
1396,Endorsement,Endorsement
1397,Generic,Generic
1398,Endorsement,Endorsement
1399,Endorsement,Endorsement
1400,Endorsement,Endorsement
1401,Generic,Generic
1402,Condolence,Condolence
1403,Endorsement,Update
1404,Generic,Generic
1405,Tribute,Tribute
1406,Generic,Generic
1407,Greetings,Greetings
1408,Endorsement,Update
1409,Generic,Generic
1410,Achievement,Achievement
1411,Update,Update
1412,Generic,Generic
1413,Update,Generic
1414,Update,Address
1415,Tribute,Tribute
1416,Congratulation,Congratulation
1417,Generic,Generic
1418,Endorsement,Generic
1419,Condolence,Condolence
1420,Update,Update
1421,Generic,Generic
1422,Achievement,Generic
1423,Generic,Generic
1424,Generic,Generic
1425,Greetings,Greetings
1426,Achievement,Achievement
1427,Generic,Generic
1428,Update,Address
1429,Generic,Generic
1430,Update,Update
1431,Address,Address
1432,Update,Update
1433,Update,Update
1434,Update,Update
1435,Generic,Generic
1436,Address,Address
1437,Update,Update
1438,Update,Update
1439,Update,Update
1440,Generic,Generic
1441,Generic,Generic
1442,Political Confrontations,Political Confrontations
1443,Update,Update
1444,Generic,Generic
1445,Achievement,Achievement
1446,Update,Update
1447,Generic,Generic
1448,Generic,Generic
1449,Update,Update
1450,Appeal,Appeal
1451,Greetings,Greetings
1452,Greetings,Greetings
1453,Address,Address
1454,Update,Update
1455,Tribute,Tribute
1456,Update,Update
1457,Update,Update
1458,Generic,Generic
1459,Condolence,Condolence
1460,Update,Update
1461,Update,Update
1462,Update,Update
1463,Update,Update
1464,Generic,Generic
1465,Address,Address
1466,Update,Update
1467,Congratulation,Congratulation
1468,Update,Update
1469,Congratulation,Congratulation
1470,Update,Update
1471,Update,Update
1472,Generic,Generic
1473,Achievement,Achievement
1474,Endorsement,Update
1475,Generic,Generic
1476,Update,Update
1477,Achievement,Achievement
1478,Generic,Gratitude
1479,Gratitude,Gratitude
1480,Generic,Generic
1481,Generic,Generic
1482,Greetings,Greetings
1483,Congratulation,Congratulation
1484,Update,Update
1485,Generic,Generic
1486,Update,Update
1487,Update,Update
1488,Congratulation,Congratulation
1489,Update,Address
1490,Generic,Generic
1491,Generic,Generic
1492,Generic,Achievement
1493,Achievement,Achievement
1494,Achievement,Update
1495,Update,Update
1496,Endorsement,Endorsement
1497,Endorsement,Endorsement
1498,Generic,Generic
1499,Endorsement,Endorsement
1500,Generic,Generic
1501,Gratitude,Gratitude
1502,Update,Update
1503,Generic,Generic
1504,Gratitude,Endorsement
1505,Political Confrontations,Political Confrontations
1506,Political Confrontations,Political Confrontations
1507,Endorsement,Endorsement
1508,Generic,Generic
1509,Generic,Generic
1510,Condolence,Condolence
1511,Generic,Generic
1512,Generic,Generic
1513,Address,Address
1514,Update,Update
1515,Generic,Generic
1516,Tribute,Tribute
1517,Generic,Generic
1518,Generic,Update
1519,Generic,Generic
1520,Endorsement,Endorsement
1521,Address,Address
1522,Generic,Generic
1523,Address,Address
1524,Greetings,Greetings
1525,Greetings,Greetings
1526,Condolence,Generic
1527,Update,Update
1528,Generic,Update
1529,Generic,Update
1530,Update,Update
1531,Update,Endorsement
1532,Greetings,Greetings
1533,Greetings,Greetings
1534,Update,Update
1535,Endorsement,Endorsement
1536,Update,Endorsement
1537,Update,Endorsement
1538,Endorsement,Endorsement
1539,Address,Address
1540,Condolence,Condolence
1541,Update,Update
1542,Update,Update
1543,Generic,Generic
1544,Endorsement,Endorsement
1545,Update,Endorsement
1546,Update,Update
1547,Generic,Endorsement
1548,Generic,Endorsement
1549,Endorsement,Endorsement
1550,Condolence,Condolence
1551,Endorsement,Appeal
1552,Update,Update
1553,Gratitude,Gratitude
1554,Tribute,Generic
1555,Gratitude,Gratitude
1556,Achievement,Achievement
1557,Congratulation,Gratitude
1558,Tribute,Generic
1559,Tribute,Tribute
1560,Update,Endorsement
1561,Endorsement,Endorsement
1562,Endorsement,Appeal
1563,Gratitude,Gratitude
1564,Achievement,Achievement
1565,Endorsement,Endorsement
1566,Address,Update
1567,Update,Update
1568,Update,Update
1569,Address,Generic
1570,Update,Endorsement
1571,Generic,Update
1572,Update,Update
1573,Generic,Generic
1574,Update,Update
1575,Achievement,Address
1576,Gratitude,Endorsement
1577,Condolence,Condolence
1578,Update,Endorsement
1579,Update,Address
1580,Gratitude,Update
1581,Update,Tribute
1582,Update,Update
1583,Update,Update
1584,Generic,Generic
1585,Generic,Generic
1586,Update,Update
1587,Update,Update
1588,Update,Update
1589,Condolence,Condolence
1590,Tribute,Tribute
1591,Achievement,Achievement
1592,Political Confrontations,Political Confrontations
1593,Tribute,Update
1594,Appeal,Tribute
1595,Generic,Generic
1596,Generic,Greetings
1597,Greetings,Greetings
1598,Update,Greetings
1599,Greetings,Greetings
1600,Greetings,Greetings
1601,Update,Update
1602,Endorsement,Endorsement
1603,Update,Update
1604,Achievement,Achievement
1605,Endorsement,Endorsement
1606,Tribute,Endorsement
1607,Endorsement,Endorsement
1608,Endorsement,Endorsement
1609,Greetings,Greetings
1610,Update,Address
1611,Achievement,Achievement
1612,Address,Address
1613,Greetings,Greetings
1614,Address,Address
1615,Update,Update
1616,Condolence,Condolence
1617,Appeal,Appeal
1618,Tribute,Tribute
1619,Greetings,Greetings
1620,Generic,Address
1621,Generic,Generic
1622,Appeal,Appeal
1623,Endorsement,Address
1624,Gratitude,Gratitude
1625,Generic,Generic
1626,Appeal,Gratitude
1627,Endorsement,Endorsement
1628,Condolence,Condolence
1629,Endorsement,Endorsement
1630,Endorsement,Endorsement
1631,Endorsement,Endorsement
1632,Endorsement,Endorsement
1633,Endorsement,Gratitude
1634,Endorsement,Endorsement
1635,Endorsement,Appeal
1636,Endorsement,Endorsement
1637,Greetings,Generic
1638,Achievement,Achievement
1639,Endorsement,Endorsement
1640,Generic,Generic
1641,Update,Endorsement
1642,Update,Update
1643,Tribute,Update
1644,Generic,Generic
1645,Greetings,Greetings
1646,Appeal,Appeal
1647,Condolence,Condolence
1648,Generic,Update
1649,Address,Address
1650,Update,Update
1651,Generic,Update
1652,Achievement,Achievement
1653,Greetings,Greetings
1654,Greetings,Greetings
1655,Greetings,Greetings
1656,Achievement,Achievement
1657,Update,Appeal
1658,Update,Update
1659,Generic,Generic
1660,Generic,Generic
1661,Political Confrontations,Political Confrontations
1662,Update,Update
1663,Greetings,Generic
1664,Tribute,Tribute
1665,Achievement,Achievement
1666,Greetings,Greetings
1667,Generic,Generic
1668,Address,Address
1669,Political Confrontations,Political Confrontations
1670,Tribute,Tribute
1671,Generic,Generic
1672,Political Confrontations,Political Confrontations
1673,Generic,Generic
1674,Greetings,Greetings
1675,Achievement,Achievement
1676,Update,Update
1677,Greetings,Greetings
1678,Greetings,Greetings
1679,Update,Update
1680,Update,Update
1681,Achievement,Achievement
1682,Generic,Greetings
1683,Generic,Generic
1684,Tribute,Tribute
1685,Tribute,Tribute
1686,Update,Update
1687,Tribute,Generic
1688,Update,Generic
1689,Update,Update
1690,Update,Update
1691,Update,Update
1692,Appeal,Appeal
1693,Update,Update
1694,Tribute,Update
1695,Update,Update
1696,Address,Address
1697,Update,Update
1698,Generic,Political Confrontations
1699,Greetings,Greetings
1700,Update,Update
1701,Appeal,Appeal
1702,Generic,Generic
1703,Achievement,Achievement
1704,Congratulation,Congratulation
1705,Achievement,Achievement
1706,Achievement,Achievement
1707,Congratulation,Congratulation
1708,Achievement,Achievement
1709,Generic,Generic
1710,Appeal,Appeal
1711,Generic,Generic
1712,Generic,Generic
1713,Generic,Generic
1714,Update,Update
1715,Generic,Update
1716,Update,Update
1717,Update,Update
1718,Update,Tribute
1719,Achievement,Achievement
1720,Political Confrontations,Political Confrontations
1721,Update,Generic
1722,Update,Generic
1723,Update,Generic
1724,Condolence,Condolence
1725,Greetings,Greetings
1726,Achievement,Congratulation
1727,Political Confrontations,Political Confrontations
1728,Political Confrontations,Political Confrontations
1729,Generic,Generic
1730,Update,Update
1731,Update,Update
1732,Endorsement,Gratitude
1733,Update,Update
1734,Endorsement,Achievement
1735,Political Confrontations,Political Confrontations
1736,Update,Endorsement
1737,Update,Update
1738,Update,Update
1739,Tribute,Condolence
1740,Endorsement,Achievement
1741,Achievement,Achievement
1742,Endorsement,Achievement
1743,Update,Update
1744,Endorsement,Update
1745,Endorsement,Update
1746,Generic,Update
1747,Generic,Generic
1748,Generic,Generic
1749,Appeal,Appeal
1750,Generic,Address
1751,Greetings,Greetings
1752,Appeal,Appeal
1753,Update,Update
1754,Achievement,Generic
1755,Endorsement,Update
1756,Generic,Update
1757,Appeal,Appeal
1758,Congratulation,Congratulation
1759,Achievement,Achievement
1760,Achievement,Achievement
1761,Generic,Generic
1762,Generic,Generic
1763,Greetings,Greetings
1764,Generic,Generic
1765,Generic,Generic
1766,Update,Update
1767,Greetings,Greetings
1768,Tribute,Tribute
1769,Generic,Generic
1770,Generic,Address
1771,Generic,Generic
1772,Update,Update
1773,Generic,Generic
1774,Achievement,Achievement
1775,Political Confrontations,Update
1776,Generic,Generic
1777,Generic,Update
1778,Update,Update
1779,Address,Update
1780,Address,Address
1781,Address,Address
1782,Greetings,Greetings
1783,Update,Congratulation
1784,Congratulation,Congratulation
1785,Greetings,Greetings
1786,Update,Update
1787,Generic,Generic
1788,Congratulation,Congratulation
1789,Generic,Update
1790,Appeal,Appeal
1791,Appeal,Appeal
1792,Generic,Generic
1793,Greetings,Greetings
1794,Tribute,Tribute
1795,Appeal,Update
1796,Greetings,Greetings
1797,Update,Generic
1798,Update,Update
1799,Appeal,Address
1800,Generic,Generic
1801,Political Confrontations,Political Confrontations
1802,Update,Update
1803,Appeal,Appeal
1804,Condolence,Condolence
1805,Condolence,Condolence
1806,Update,Update
1807,Greetings,Greetings
1808,Generic,Appeal
1809,Generic,Generic
1810,Update,Update
1811,Generic,Update
1812,Political Confrontations,Political Confrontations
1813,Generic,Address
1814,Update,Generic
1815,Generic,Update
1816,Update,Generic
1817,Update,Generic
1818,Update,Update
1819,Achievement,Achievement
1820,Congratulation,Congratulation
1821,Update,Update
1822,Tribute,Tribute
1823,Greetings,Greetings
1824,Update,Update
1825,Achievement,Achievement
1826,Achievement,Achievement
1827,Tribute,Tribute
1828,Achievement,Endorsement
1829,Address,Endorsement
1830,Address,Update
1831,Greetings,Greetings
1832,Generic,Generic
1833,Generic,Generic
1834,Tribute,Tribute
1835,Tribute,Tribute
1836,Generic,Update
1837,Generic,Congratulation
1838,Achievement,Generic
1839,Endorsement,Achievement
1840,Greetings,Greetings
1841,Endorsement,Achievement
1842,Appeal,Appeal
1843,Endorsement,Achievement
1844,Endorsement,Update
1845,Endorsement,Update
1846,Update,Update
1847,Tribute,Greetings
1848,Endorsement,Achievement
1849,Address,Address
1850,Generic,Generic
1851,Update,Update
1852,Generic,Update
1853,Update,Update
1854,Endorsement,Update
1855,Update,Update
1856,Update,Update
1857,Generic,Generic
1858,Update,Update
1859,Update,Update
1860,Greetings,Greetings
1861,Update,Address
1862,Achievement,Achievement
1863,Update,Generic
1864,Update,Achievement
1865,Endorsement,Achievement
1866,Generic,Achievement
1867,Generic,Generic
1868,Update,Update
1869,Congratulation,Congratulation
1870,Greetings,Greetings
1871,Generic,Achievement
1872,Achievement,Achievement
1873,Update,Update
1874,Generic,Generic
1875,Update,Address
1876,Generic,Achievement
1877,Endorsement,Achievement
1878,Congratulation,Congratulation
1879,Congratulation,Congratulation
1880,Achievement,Achievement
1881,Generic,Update
1882,Achievement,Achievement
1883,Update,Endorsement
1884,Congratulation,Congratulation
1885,Greetings,Greetings
1886,Generic,Generic
1887,Generic,Appeal
1888,Generic,Generic
1889,Generic,Generic
1890,Condolence,Tribute
1891,Condolence,Condolence
1892,Update,Update
1893,Appeal,Appeal
1894,Appeal,Appeal
1895,Generic,Generic
1896,Gratitude,Gratitude
1897,Generic,Update
1898,Generic,Generic
1899,Update,Update
1900,Update,Address
1901,Generic,Generic
1902,Address,Address
1903,Generic,Update
1904,Update,Update
1905,Endorsement,Update
1906,Endorsement,Gratitude
1907,Achievement,Achievement
1908,Generic,Generic
1909,Tribute,Generic
1910,Update,Appeal
1911,Appeal,Appeal
1912,Generic,Generic
1913,Endorsement,Generic
1914,Endorsement,Generic
1915,Generic,Generic
1916,Generic,Generic
1917,Gratitude,Gratitude
1918,Generic,Generic
1919,Generic,Generic
1920,Generic,Appeal
1921,Generic,Generic
1922,Political Confrontations,Political Confrontations
1923,Political Confrontations,Political Confrontations
1924,Political Confrontations,Political Confrontations
1925,Political Confrontations,Political Confrontations
1926,Political Confrontations,Political Confrontations
1927,Gratitude,Achievement
1928,Update,Achievement
1929,Update,Generic
1930,Update,Update
1931,Update,Update
1932,Appeal,Tribute
1933,Generic,Generic
1934,Greetings,Greetings
1935,Greetings,Greetings
1936,Generic,Address
1937,Generic,Generic
1938,Appeal,Appeal
1939,Generic,Generic
1940,Update,Update
1941,Update,Generic
1942,Update,Update
1943,Generic,Gratitude
1944,Generic,Generic
1945,Achievement,Achievement
1946,Update,Update
1947,Update,Update
1948,Update,Update
1949,Achievement,Achievement
1950,Achievement,Achievement
1951,Generic,Generic
1952,Achievement,Achievement
1953,Generic,Generic
1954,Achievement,Achievement
1955,Achievement,Achievement
1956,Achievement,Achievement
1957,Achievement,Achievement
1958,Generic,Generic
1959,Generic,Generic
1960,Generic,Generic
1961,Appeal,Appeal
1962,Update,Update
1963,Update,Update
1964,Address,Address
1965,Achievement,Achievement
1966,Endorsement,Endorsement
1967,Endorsement,Endorsement
1968,Endorsement,Update
1969,Update,Achievement
1970,Update,Achievement
1971,Update,Achievement
1972,Achievement,Achievement
1973,Achievement,Endorsement
1974,Achievement,Endorsement
1975,Update,Update
1976,Generic,Generic
1977,Generic,Generic
1978,Generic,Generic
1979,Generic,Generic
1980,Generic,Generic
1981,Generic,Generic
1982,Generic,Generic
1983,Generic,Generic
1984,Generic,Generic
1985,Generic,Generic
1986,Generic,Generic
1987,Generic,Congratulation
1988,Congratulation,Congratulation
1989,Greetings,Greetings
1990,Update,Address
1991,Update,Update
1992,Achievement,Achievement
1993,Update,Achievement
1994,Update,Update
1995,Endorsement,Update
1996,Generic,Generic
1997,Generic,Update
1998,Generic,Update
1999,Generic,Update
2000,Generic,Update
2001,Generic,Update
2002,Generic,Generic
2003,Generic,Generic
2004,Generic,Generic
2005,Appeal,Appeal
2006,Achievement,Achievement
2007,Achievement,Achievement
2008,Achievement,Achievement
2009,Political Confrontations,Political Confrontations
2010,Achievement,Achievement
2011,Achievement,Achievement
2012,Achievement,Achievement
2013,Political Confrontations,Political Confrontations
2014,Political Confrontations,Political Confrontations
2015,Political Confrontations,Political Confrontations
2016,Generic,Generic
2017,Political Confrontations,Political Confrontations
2018,Political Confrontations,Political Confrontations
2019,Political Confrontations,Update
2020,Political Confrontations,Political Confrontations
2021,Generic,Achievement
2022,Political Confrontations,Address
2023,Political Confrontations,Political Confrontations
2024,Generic,Political Confrontations
2025,Generic,Political Confrontations
2026,Generic,Generic
2027,Achievement,Achievement
2028,Achievement,Achievement
2029,Achievement,Achievement
2030,Political Confrontations,Political Confrontations
2031,Political Confrontations,Political Confrontations
2032,Political Confrontations,Political Confrontations
2033,Political Confrontations,Generic
2034,Political Confrontations,Political Confrontations
2035,Generic,Update
2036,Generic,Generic
2037,Appeal,Generic
2038,Generic,Generic
2039,Political Confrontations,
2040,Appeal,Appeal
2041,Address,Address
2042,Generic,Generic
2043,Generic,Generic
2044,Appeal,Appeal
2045,Generic,Generic
2046,Appeal,Appeal
2047,Generic,Generic
2048,Generic,Appeal
2049,Achievement,Achievement
2050,Political Confrontations,Update
2051,Generic,Generic
2052,Political Confrontations,Update
2053,Generic,Update
2054,Update,Update
2055,Update,Update
2056,Achievement,Update
2057,Appeal,Address
2058,Appeal,Address
2059,Political Confrontations,Update
2060,Appeal,Address
2061,Update,Achievement
2062,Update,Achievement
2063,Political Confrontations,Political Confrontations
2064,Appeal,Address
2065,Generic,Generic
2066,Update,Update
2067,Update,Address
2068,Political Confrontations,Political Confrontations
2069,Endorsement,Update
2070,Update,Update
2071,Political Confrontations,Political Confrontations
2072,Address,Address
2073,Update,Update
2074,Generic,Generic
2075,Appeal,Appeal
2076,Gratitude,Gratitude
2077,Generic,Generic
2078,Generic,Appeal
2079,Generic,Generic
2080,Achievement,Achievement
2081,Political Confrontations,Political Confrontations
2082,Update,Update
2083,Update,Update
2084,Appeal,Appeal
2085,Update,Update
2086,Address,Address
2087,Generic,Generic
2088,Political Confrontations,Political Confrontations
2089,Update,Generic
2090,Update,Generic
2091,Political Confrontations,Political Confrontations
2092,Generic,Generic
2093,Update,Update
2094,Generic,Generic
2095,Address,Address
2096,Update,Generic
2097,Achievement,Achievement
2098,Address,Endorsement
2099,Generic,Generic
2100,Generic,Generic
2101,Appeal,Appeal
2102,Update,Update
2103,Update,Update
2104,Update,Update
2105,Update,Update
2106,Generic,Address
2107,Generic,Gratitude
2108,Achievement,Achievement
2109,Achievement,Update
2110,Achievement,Generic
2111,Update,Update
2112,Update,Generic
2113,Address,Address
2114,Update,Update
